{
  "@type": "Dataset",
  "identifier": "10.1038/s41597-019-0236-x",
  "title": "Metadata record for: Satellite-based time-series of sea-surface temperature since 1981 for climate applications",
  "relatedPublications": [],
  "repositories": [
    {
      "name": "Centre for Environmental Data Analysis (CEDA)",
      "value": "https://doi.org/10.5285/916b93aaf1474ce793171a33ca4c5026",
      "@type": "DataCatalog"
    },
    {
      "name": "Centre for Environmental Data Analysis (CEDA)",
      "value": "https://doi.org/10.5285/373638ed9c434e78b521cbe01ace5ef7",
      "@type": "DataCatalog"
    },
    {
      "name": "Centre for Environmental Data Analysis (CEDA)",
      "value": "https://doi.org/10.5285/2282b4aeb9f24bc3a1e0961e4d545427",
      "@type": "DataCatalog"
    },
    {
      "name": "Centre for Environmental Data Analysis (CEDA)",
      "value": "https://doi.org/10.5285/42f7230ab55641cdac1bba84eabd446a",
      "@type": "DataCatalog"
    },
    {
      "name": "Centre for Environmental Data Analysis (CEDA)",
      "value": "https://doi.org/10.5285/5db2099606b94e63879d841c87e654ae",
      "@type": "DataCatalog"
    },
    {
      "name": "Centre for Environmental Data Analysis (CEDA)",
      "value": "https://doi.org/10.5285/7db4459605da4665b6ab9a7102fb4875",
      "@type": "DataCatalog"
    },
    {
      "name": "Centre for Environmental Data Analysis (CEDA)",
      "value": "https://doi.org/10.5285/62c0f97b1eac4e0197a674870afe1ee6",
      "@type": "DataCatalog"
    }
  ],
  "assays": [
    {
      "measurementType": {
        "annotationValue": "temperature of water",
        "termAccession": "http://purl.obolibrary.org/obo/ENVO_09200014",
        "termSource": "ENVO",
        "@type": "PropertyValue"
      },
      "technologyType": {
        "annotationValue": "satellite imaging",
        "@type": "PropertyValue"
      },
      "@type": "variableMeasured"
    }
  ],
  "factors": [
    {
      "name": "time",
      "type": {
        "annotationValue": "temporal_interval",
        "termAccession": "http://www.ifomis.org/bfo/1.1/span#TemporalInterval",
        "termSource": "NPO",
        "@type": "PropertyValue"
      },
      "@type": "variableMeasured"
    },
    {
      "name": "geographic location",
      "type": {
        "annotationValue": "geographic location",
        "termAccession": "http://purl.obolibrary.org/obo/GAZ_00000448",
        "termSource": "OBI",
        "@type": "PropertyValue"
      },
      "@type": "variableMeasured"
    }
  ],
  "studyCharacteristics": {
    "organism": [],
    "environmentType": [
      {
        "annotationValue": "sea",
        "termAccession": "http://purl.obolibrary.org/obo/ENVO_00000016",
        "termSource": "ENVO",
        "@type": "PropertyValue"
      }
    ],
    "geographicalLocation": [
      {
        "annotationValue": "Earth (planet)",
        "@type": "Place"
      }
    ],
    "@type": "variableMeasured"
  },
  "ontologySourceReferences": {
    "NPO": {
      "name": "NPO",
      "description": "NanoParticle Ontology",
      "file": "http://data.bioontology.org/ontologies/NPO",
      "version": "2011-12-08 (yyyy-mm-dd)",
      "@type": "DefinedTermSet"
    },
    "OBI": {
      "name": "OBI",
      "description": "Ontology for Biomedical Investigations",
      "file": "http://data.bioontology.org/ontologies/OBI",
      "version": "2018-08-27",
      "@type": "DefinedTermSet"
    },
    "ENVO": {
      "name": "ENVO",
      "description": "Environment Ontology",
      "file": "http://data.bioontology.org/ontologies/ENVO",
      "version": null,
      "@type": "DefinedTermSet"
    },
    "@type": "CategoryCodeSet"
  },
  "comments": [
    {
      "name": "Created With Configuration",
      "value": "1.0",
      "@type": "SoftwareApplication"
    },
    {
      "name": "Data Descriptor License",
      "value": "CC-BY-4.0",
      "@type": "CreativeWork"
    }
  ]
}